<?xml version="1.0" encoding="UTF-8"?>
<project-private xmlns="http://www.netbeans.org/ns/project-private/1">
    <editor-bookmarks xmlns="http://www.netbeans.org/ns/editor-bookmarks/2" lastBookmarkId="0"/>
    <open-files xmlns="http://www.netbeans.org/ns/projectui-open-files/2">
        <group name="Dropbox">
            <file>file:/C:/Users/David/Dropbox/Git%20Projects/Pacman_with_brendan/Pacman/Pacman/src/pacman/game/GameLoop.java</file>
            <file>file:/C:/Users/David/Dropbox/Git%20Projects/Pacman_with_brendan/Pacman/Pacman/src/pacman/game/Eatable.java</file>
            <file>file:/C:/Users/David/Dropbox/Git%20Projects/Pacman_with_brendan/Pacman/Pacman/src/pacman/game/EntityManager.java</file>
            <file>file:/C:/Users/David/Dropbox/Git%20Projects/Pacman_with_brendan/Pacman/Pacman/src/pacman/game/Entity.java</file>
            <file>file:/C:/Users/David/Dropbox/Git%20Projects/Pacman_with_brendan/Pacman/Pacman/src/pacman/game/Player.java</file>
        </group>
    </open-files>
</project-private>
