<?xml version="1.0" encoding="UTF-8"?>
<project-private xmlns="http://www.netbeans.org/ns/project-private/1">
    <editor-bookmarks xmlns="http://www.netbeans.org/ns/editor-bookmarks/2" lastBookmarkId="0"/>
    <open-files xmlns="http://www.netbeans.org/ns/projectui-open-files/2">
        <group name="Solo Projects">
            <file>file:/C:/Users/Bren/OneDrive%20-%20Waukesha%20County%20Technical%20College/WCTC/Solo%20Projects/Pacman/Pacman/src/pacman/graphics/tiles/SuperPelletTile.java</file>
            <file>file:/C:/Users/Bren/OneDrive%20-%20Waukesha%20County%20Technical%20College/WCTC/Solo%20Projects/Pacman/Pacman/src/pacman/entities/Ghost.java</file>
            <file>file:/C:/Users/Bren/OneDrive%20-%20Waukesha%20County%20Technical%20College/WCTC/Solo%20Projects/Pacman/Pacman/src/pacman/graphics/Map.java</file>
            <file>file:/C:/Users/Bren/OneDrive%20-%20Waukesha%20County%20Technical%20College/WCTC/Solo%20Projects/Pacman/Pacman/src/pacman/utils/Utils.java</file>
            <file>file:/C:/Users/Bren/OneDrive%20-%20Waukesha%20County%20Technical%20College/WCTC/Solo%20Projects/Pacman/Pacman/src/pacman/entities/Player.java</file>
            <file>file:/C:/Users/Bren/OneDrive%20-%20Waukesha%20County%20Technical%20College/WCTC/Solo%20Projects/Pacman/Pacman/mapLayout.txt</file>
            <file>file:/C:/Users/Bren/OneDrive%20-%20Waukesha%20County%20Technical%20College/WCTC/Solo%20Projects/Pacman/Pacman/src/pacman/graphics/GraphicsLoop.java</file>
            <file>file:/C:/Users/Bren/OneDrive%20-%20Waukesha%20County%20Technical%20College/WCTC/Solo%20Projects/Pacman/Pacman/src/pacman/graphics/tiles/Tile.java</file>
            <file>file:/C:/Users/Bren/OneDrive%20-%20Waukesha%20County%20Technical%20College/WCTC/Solo%20Projects/Pacman/Pacman/src/pacman/graphics/tiles/PelletTile.java</file>
            <file>file:/C:/Users/Bren/OneDrive%20-%20Waukesha%20County%20Technical%20College/WCTC/Solo%20Projects/Pacman/Pacman/src/pacman/entities/Entity.java</file>
        </group>
    </open-files>
</project-private>
